PRAGMA foreign_keys=OFF;
BEGIN TRANSACTION;
CREATE TABLE IF NOT EXISTS "django_migrations" ("id" integer NOT NULL PRIMARY KEY AUTOINCREMENT, "app" varchar(255) NOT NULL, "name" varchar(255) NOT NULL, "applied" datetime NOT NULL);
INSERT INTO django_migrations VALUES(1,'contenttypes','0001_initial','2024-07-17 12:52:27.506663');
INSERT INTO django_migrations VALUES(2,'auth','0001_initial','2024-07-17 12:52:27.547226');
INSERT INTO django_migrations VALUES(3,'admin','0001_initial','2024-07-17 12:52:27.580458');
INSERT INTO django_migrations VALUES(4,'admin','0002_logentry_remove_auto_add','2024-07-17 12:52:27.603674');
INSERT INTO django_migrations VALUES(5,'admin','0003_logentry_add_action_flag_choices','2024-07-17 12:52:27.628051');
INSERT INTO django_migrations VALUES(6,'contenttypes','0002_remove_content_type_name','2024-07-17 12:52:27.664855');
INSERT INTO django_migrations VALUES(7,'auth','0002_alter_permission_name_max_length','2024-07-17 12:52:27.690940');
INSERT INTO django_migrations VALUES(8,'auth','0003_alter_user_email_max_length','2024-07-17 12:52:27.716673');
INSERT INTO django_migrations VALUES(9,'auth','0004_alter_user_username_opts','2024-07-17 12:52:27.739047');
INSERT INTO django_migrations VALUES(10,'auth','0005_alter_user_last_login_null','2024-07-17 12:52:27.756618');
INSERT INTO django_migrations VALUES(11,'auth','0006_require_contenttypes_0002','2024-07-17 12:52:27.768807');
INSERT INTO django_migrations VALUES(12,'auth','0007_alter_validators_add_error_messages','2024-07-17 12:52:27.790728');
INSERT INTO django_migrations VALUES(13,'auth','0008_alter_user_username_max_length','2024-07-17 12:52:27.817028');
INSERT INTO django_migrations VALUES(14,'auth','0009_alter_user_last_name_max_length','2024-07-17 12:52:27.838613');
INSERT INTO django_migrations VALUES(15,'auth','0010_alter_group_name_max_length','2024-07-17 12:52:27.854981');
INSERT INTO django_migrations VALUES(16,'auth','0011_update_proxy_permissions','2024-07-17 12:52:27.874742');
INSERT INTO django_migrations VALUES(17,'auth','0012_alter_user_first_name_max_length','2024-07-17 12:52:27.892220');
INSERT INTO django_migrations VALUES(18,'sessions','0001_initial','2024-07-17 12:52:27.920487');
INSERT INTO django_migrations VALUES(19,'api','0001_initial','2024-07-17 13:16:27.322334');
INSERT INTO django_migrations VALUES(20,'api','0002_grammarblog_concept','2024-07-17 19:42:39.103873');
INSERT INTO django_migrations VALUES(21,'api','0003_grammartest_answer_grammartest_concept_and_more','2024-07-18 12:12:17.066758');
INSERT INTO django_migrations VALUES(22,'api','0004_grammartest_instruction_grammartest_test_type','2024-07-18 12:21:14.508044');
INSERT INTO django_migrations VALUES(23,'api','0005_grammartest_option_one_grammartest_option_three_and_more','2024-07-18 12:42:27.112254');
INSERT INTO django_migrations VALUES(24,'api','0006_alter_grammartest_instruction_and_more','2024-07-18 12:49:31.372136');
INSERT INTO django_migrations VALUES(25,'api','0007_grammartestsection','2024-07-18 13:02:22.174171');
INSERT INTO django_migrations VALUES(26,'api','0008_grammartest_test_section','2024-07-18 13:03:44.284601');
INSERT INTO django_migrations VALUES(27,'api','0009_grammartest_feedback','2024-07-18 13:15:32.653332');
INSERT INTO django_migrations VALUES(28,'api','0010_alter_grammartest_feedback','2024-07-18 13:16:10.099117');
INSERT INTO django_migrations VALUES(29,'api','0011_remove_grammartest_concept_and_more','2024-07-18 18:23:38.925164');
INSERT INTO django_migrations VALUES(30,'api','0012_grammarassessment','2024-07-21 14:11:43.921083');
INSERT INTO django_migrations VALUES(31,'api','0013_remove_grammartest_instruction_and_more','2024-07-27 15:39:56.200508');
CREATE TABLE IF NOT EXISTS "auth_group_permissions" ("id" integer NOT NULL PRIMARY KEY AUTOINCREMENT, "group_id" integer NOT NULL REFERENCES "auth_group" ("id") DEFERRABLE INITIALLY DEFERRED, "permission_id" integer NOT NULL REFERENCES "auth_permission" ("id") DEFERRABLE INITIALLY DEFERRED);
CREATE TABLE IF NOT EXISTS "auth_user_groups" ("id" integer NOT NULL PRIMARY KEY AUTOINCREMENT, "user_id" integer NOT NULL REFERENCES "auth_user" ("id") DEFERRABLE INITIALLY DEFERRED, "group_id" integer NOT NULL REFERENCES "auth_group" ("id") DEFERRABLE INITIALLY DEFERRED);
CREATE TABLE IF NOT EXISTS "auth_user_user_permissions" ("id" integer NOT NULL PRIMARY KEY AUTOINCREMENT, "user_id" integer NOT NULL REFERENCES "auth_user" ("id") DEFERRABLE INITIALLY DEFERRED, "permission_id" integer NOT NULL REFERENCES "auth_permission" ("id") DEFERRABLE INITIALLY DEFERRED);
CREATE TABLE IF NOT EXISTS "django_admin_log" ("id" integer NOT NULL PRIMARY KEY AUTOINCREMENT, "object_id" text NULL, "object_repr" varchar(200) NOT NULL, "action_flag" smallint unsigned NOT NULL CHECK ("action_flag" >= 0), "change_message" text NOT NULL, "content_type_id" integer NULL REFERENCES "django_content_type" ("id") DEFERRABLE INITIALLY DEFERRED, "user_id" integer NOT NULL REFERENCES "auth_user" ("id") DEFERRABLE INITIALLY DEFERRED, "action_time" datetime NOT NULL);
INSERT INTO django_admin_log VALUES(1,'1','Nouns',1,'[{"added": {}}]',8,1,'2024-07-17 13:19:44.499638');
INSERT INTO django_admin_log VALUES(2,'2','Articles',1,'[{"added": {}}]',8,1,'2024-07-17 13:19:53.002697');
INSERT INTO django_admin_log VALUES(3,'3','Pronouns',1,'[{"added": {}}]',8,1,'2024-07-17 13:20:13.644072');
INSERT INTO django_admin_log VALUES(4,'4','Adjectives',1,'[{"added": {}}]',8,1,'2024-07-17 13:20:19.265446');
INSERT INTO django_admin_log VALUES(5,'5','Adverbs',1,'[{"added": {}}]',8,1,'2024-07-17 13:20:21.642988');
INSERT INTO django_admin_log VALUES(6,'6','Verbs',1,'[{"added": {}}]',8,1,'2024-07-17 13:20:34.778479');
INSERT INTO django_admin_log VALUES(7,'1','Blog: Nouns',1,'[{"added": {}}]',7,1,'2024-07-17 19:57:20.338682');
INSERT INTO django_admin_log VALUES(8,'2','Blog: Articles',1,'[{"added": {}}]',7,1,'2024-07-17 20:33:30.363352');
INSERT INTO django_admin_log VALUES(9,'3','Blog: Adjectives',1,'[{"added": {}}]',7,1,'2024-07-17 20:34:00.644010');
INSERT INTO django_admin_log VALUES(10,'4','Blog: Adverbs',1,'[{"added": {}}]',7,1,'2024-07-17 20:34:12.521423');
INSERT INTO django_admin_log VALUES(11,'5','Blog: Verbs',1,'[{"added": {}}]',7,1,'2024-07-17 20:34:24.880621');
INSERT INTO django_admin_log VALUES(12,'2','Blog: Articles',2,'[{"changed": {"fields": ["Body"]}}]',7,1,'2024-07-18 06:40:51.429723');
INSERT INTO django_admin_log VALUES(13,'2','Blog: Articles',2,'[{"changed": {"fields": ["Body"]}}]',7,1,'2024-07-18 06:46:17.294692');
INSERT INTO django_admin_log VALUES(14,'2','Blog: Articles',2,'[]',7,1,'2024-07-18 06:46:17.334771');
INSERT INTO django_admin_log VALUES(15,'2','Blog: Articles',2,'[]',7,1,'2024-07-18 06:46:17.402264');
INSERT INTO django_admin_log VALUES(16,'2','Blog: Articles',2,'[{"changed": {"fields": ["Body"]}}]',7,1,'2024-07-18 06:47:07.839357');
INSERT INTO django_admin_log VALUES(17,'1','Le chat',1,'[{"added": {}}]',9,1,'2024-07-18 12:24:40.614969');
INSERT INTO django_admin_log VALUES(18,'2','les sondages',1,'[{"added": {}}]',9,1,'2024-07-18 12:46:11.923014');
INSERT INTO django_admin_log VALUES(19,'3','le cochon',1,'[{"added": {}}]',9,1,'2024-07-18 12:47:14.400714');
INSERT INTO django_admin_log VALUES(20,'1','Le chat',2,'[{"changed": {"fields": ["Option one", "Option two", "Option three"]}}]',9,1,'2024-07-18 12:49:50.230572');
INSERT INTO django_admin_log VALUES(21,'1','Le chat',2,'[]',9,1,'2024-07-18 12:49:53.238731');
INSERT INTO django_admin_log VALUES(22,'2','les sondages',2,'[{"changed": {"fields": ["Option two", "Option three"]}}]',9,1,'2024-07-18 12:49:58.320618');
INSERT INTO django_admin_log VALUES(23,'3','le cochon',2,'[{"changed": {"fields": ["Option two", "Option three"]}}]',9,1,'2024-07-18 12:50:03.214066');
INSERT INTO django_admin_log VALUES(24,'4','le panier',1,'[{"added": {}}]',9,1,'2024-07-18 12:50:32.542979');
INSERT INTO django_admin_log VALUES(25,'5','les eglises',1,'[{"added": {}}]',9,1,'2024-07-18 12:51:02.039674');
INSERT INTO django_admin_log VALUES(26,'6','l''oreille',1,'[{"added": {}}]',9,1,'2024-07-18 12:51:36.786617');
INSERT INTO django_admin_log VALUES(27,'6','l''oreille',2,'[{"changed": {"fields": ["Instruction"]}}]',9,1,'2024-07-18 12:53:35.086021');
INSERT INTO django_admin_log VALUES(28,'6','l''oreille',2,'[]',9,1,'2024-07-18 12:53:37.988832');
INSERT INTO django_admin_log VALUES(29,'5','les eglises',2,'[{"changed": {"fields": ["Instruction"]}}]',9,1,'2024-07-18 12:53:41.150425');
INSERT INTO django_admin_log VALUES(30,'4','le panier',2,'[{"changed": {"fields": ["Instruction"]}}]',9,1,'2024-07-18 12:53:44.363382');
INSERT INTO django_admin_log VALUES(31,'3','le cochon',2,'[{"changed": {"fields": ["Instruction"]}}]',9,1,'2024-07-18 12:53:48.268154');
INSERT INTO django_admin_log VALUES(32,'2','les sondages',2,'[{"changed": {"fields": ["Instruction"]}}]',9,1,'2024-07-18 12:53:51.773200');
INSERT INTO django_admin_log VALUES(33,'1','Le chat',2,'[]',9,1,'2024-07-18 12:54:03.638892');
INSERT INTO django_admin_log VALUES(34,'7','Le chien',1,'[{"added": {}}]',9,1,'2024-07-18 12:54:27.203288');
INSERT INTO django_admin_log VALUES(35,'1','N1',1,'[{"added": {}}]',11,1,'2024-07-18 13:02:53.344158');
INSERT INTO django_admin_log VALUES(36,'5','les eglises',3,'',9,1,'2024-07-18 13:06:10.080753');
INSERT INTO django_admin_log VALUES(37,'4','le panier',3,'',9,1,'2024-07-18 13:06:10.103700');
INSERT INTO django_admin_log VALUES(38,'7','Le chien',3,'',9,1,'2024-07-18 13:08:52.194404');
INSERT INTO django_admin_log VALUES(39,'6','l''oreille',3,'',9,1,'2024-07-18 13:08:52.215201');
INSERT INTO django_admin_log VALUES(40,'3','le cochon',3,'',9,1,'2024-07-18 13:08:52.226857');
INSERT INTO django_admin_log VALUES(41,'8','The book',1,'[{"added": {}}]',9,1,'2024-07-18 13:10:12.811932');
INSERT INTO django_admin_log VALUES(42,'1','Le chat',2,'[{"changed": {"fields": ["Feedback"]}}]',9,1,'2024-07-18 13:16:20.982343');
INSERT INTO django_admin_log VALUES(43,'2','les sondages',2,'[{"changed": {"fields": ["Feedback"]}}]',9,1,'2024-07-18 13:16:24.412033');
INSERT INTO django_admin_log VALUES(44,'8','The book',2,'[{"changed": {"fields": ["Feedback"]}}]',9,1,'2024-07-18 13:16:29.069481');
INSERT INTO django_admin_log VALUES(45,'9','Je suis fatigué',1,'[{"added": {}}]',9,1,'2024-07-18 13:18:26.621699');
INSERT INTO django_admin_log VALUES(46,'2','N2',1,'[{"added": {}}]',11,1,'2024-07-18 19:39:51.006241');
INSERT INTO django_admin_log VALUES(47,'3','A1',1,'[{"added": {}}]',11,1,'2024-07-18 19:39:58.025425');
INSERT INTO django_admin_log VALUES(48,'8','The book',2,'[{"changed": {"fields": ["Test type"]}}]',9,1,'2024-07-19 06:52:52.766237');
INSERT INTO django_admin_log VALUES(49,'9','Je suis fatigué',2,'[{"changed": {"fields": ["Test type"]}}]',9,1,'2024-07-19 06:52:58.646202');
INSERT INTO django_admin_log VALUES(50,'1','L... chat',1,'[{"added": {}}]',12,1,'2024-07-21 14:14:04.644599');
INSERT INTO django_admin_log VALUES(51,'2','L... femme',1,'[{"added": {}}]',12,1,'2024-07-21 14:14:17.705469');
INSERT INTO django_admin_log VALUES(52,'1','Write the correct article based on the gender: L... chat',2,'[{"changed": {"fields": ["Question"]}}]',12,1,'2024-07-21 17:53:11.592300');
INSERT INTO django_admin_log VALUES(53,'1','Write the correct article based on the gender: L... chat',2,'[]',12,1,'2024-07-21 17:53:21.086661');
INSERT INTO django_admin_log VALUES(54,'2','Write the correct article based on the gender: L... femme',2,'[{"changed": {"fields": ["Question"]}}]',12,1,'2024-07-21 17:53:28.058850');
INSERT INTO django_admin_log VALUES(55,'2','Write the correct article plural: Le femme',2,'[{"changed": {"fields": ["Question"]}}]',12,1,'2024-07-21 18:21:43.167217');
INSERT INTO django_admin_log VALUES(56,'1','Write the correct article based on the gender: L... chat',2,'[]',12,1,'2024-07-21 18:21:46.371853');
INSERT INTO django_admin_log VALUES(57,'2','Write the correct article plural: Le femme',2,'[]',12,1,'2024-07-21 18:21:51.861406');
INSERT INTO django_admin_log VALUES(58,'1','Write the correct article plural: Le chat',2,'[{"changed": {"fields": ["Question", "Answer"]}}]',12,1,'2024-07-21 18:22:30.380164');
INSERT INTO django_admin_log VALUES(59,'2','Write the correct article plural: Le femme',2,'[{"changed": {"fields": ["Answer"]}}]',12,1,'2024-07-21 18:22:57.777871');
INSERT INTO django_admin_log VALUES(60,'1','Blog: Nouns',2,'[{"changed": {"fields": ["Body"]}}]',7,1,'2024-07-21 18:29:22.872621');
INSERT INTO django_admin_log VALUES(61,'1','Blog: Nouns',2,'[{"changed": {"fields": ["Body"]}}]',7,1,'2024-07-21 18:29:39.201631');
INSERT INTO django_admin_log VALUES(62,'1','Blog: Nouns',2,'[{"changed": {"fields": ["Body"]}}]',7,1,'2024-07-21 18:31:11.113709');
INSERT INTO django_admin_log VALUES(63,'1','Blog: Nouns',2,'[{"changed": {"fields": ["Body"]}}]',7,1,'2024-07-21 18:31:40.295695');
INSERT INTO django_admin_log VALUES(64,'1','Blog: Nouns',2,'[{"changed": {"fields": ["Body"]}}]',7,1,'2024-07-21 18:31:51.513295');
INSERT INTO django_admin_log VALUES(65,'1','Blog: Nouns',2,'[{"changed": {"fields": ["Body"]}}]',7,1,'2024-07-21 18:32:20.321594');
INSERT INTO django_admin_log VALUES(66,'1','Blog: Nouns',2,'[{"changed": {"fields": ["Body"]}}]',7,1,'2024-07-21 18:32:43.201439');
INSERT INTO django_admin_log VALUES(67,'1','Blog: Nouns',2,'[{"changed": {"fields": ["Body"]}}]',7,1,'2024-07-21 18:32:48.890123');
INSERT INTO django_admin_log VALUES(68,'1','Blog: Nouns',2,'[{"changed": {"fields": ["Body"]}}]',7,1,'2024-07-21 18:33:53.801405');
INSERT INTO django_admin_log VALUES(69,'1','Blog: Nouns',2,'[{"changed": {"fields": ["Body"]}}]',7,1,'2024-07-21 18:34:40.674910');
INSERT INTO django_admin_log VALUES(70,'1','Blog: Nouns',2,'[{"changed": {"fields": ["Body"]}}]',7,1,'2024-07-21 18:36:33.523004');
INSERT INTO django_admin_log VALUES(71,'1','Blog: Nouns',2,'[{"changed": {"fields": ["Body"]}}]',7,1,'2024-07-21 18:39:20.974035');
INSERT INTO django_admin_log VALUES(72,'1','Blog: Nouns',2,'[{"changed": {"fields": ["Body"]}}]',7,1,'2024-07-21 18:43:02.381551');
INSERT INTO django_admin_log VALUES(73,'1','Blog: Nouns',2,'[{"changed": {"fields": ["Body"]}}]',7,1,'2024-07-21 18:45:09.883817');
INSERT INTO django_admin_log VALUES(74,'1','Blog: Nouns',2,'[{"changed": {"fields": ["Body"]}}]',7,1,'2024-07-21 18:45:31.396727');
INSERT INTO django_admin_log VALUES(75,'1','Blog: Nouns',2,'[{"changed": {"fields": ["Body"]}}]',7,1,'2024-07-21 18:46:18.447723');
INSERT INTO django_admin_log VALUES(76,'1','Blog: Nouns',2,'[{"changed": {"fields": ["Body"]}}]',7,1,'2024-07-21 18:48:14.173988');
INSERT INTO django_admin_log VALUES(77,'1','Blog: Nouns',2,'[{"changed": {"fields": ["Body"]}}]',7,1,'2024-07-21 18:48:50.429784');
INSERT INTO django_admin_log VALUES(78,'1','Blog: Nouns',2,'[{"changed": {"fields": ["Body"]}}]',7,1,'2024-07-21 18:50:35.924042');
INSERT INTO django_admin_log VALUES(79,'1','Blog: Nouns',2,'[{"changed": {"fields": ["Body"]}}]',7,1,'2024-07-21 18:51:20.401310');
INSERT INTO django_admin_log VALUES(80,'1','Blog: Nouns',2,'[{"changed": {"fields": ["Body"]}}]',7,1,'2024-07-21 18:51:30.103760');
INSERT INTO django_admin_log VALUES(81,'1','Blog: Nouns',2,'[]',7,1,'2024-07-21 18:51:37.369988');
INSERT INTO django_admin_log VALUES(82,'2','Blog: Articles',2,'[{"changed": {"fields": ["Body"]}}]',7,1,'2024-07-22 20:42:55.030189');
INSERT INTO django_admin_log VALUES(83,'2','Blog: Articles',2,'[{"changed": {"fields": ["Body"]}}]',7,1,'2024-07-22 20:43:17.485328');
INSERT INTO django_admin_log VALUES(84,'2','Blog: Articles',2,'[]',7,1,'2024-07-22 20:43:32.783712');
INSERT INTO django_admin_log VALUES(85,'2','Blog: Articles',2,'[{"changed": {"fields": ["Body"]}}]',7,1,'2024-07-22 20:43:49.423325');
INSERT INTO django_admin_log VALUES(86,'1','Blog: Nouns',2,'[{"changed": {"fields": ["Body"]}}]',7,1,'2024-07-23 17:23:46.428534');
INSERT INTO django_admin_log VALUES(87,'1','Blog: Nouns',2,'[{"changed": {"fields": ["Body"]}}]',7,1,'2024-07-23 17:24:46.693631');
INSERT INTO django_admin_log VALUES(88,'1','Blog: Nouns',2,'[{"changed": {"fields": ["Body"]}}]',7,1,'2024-07-23 17:28:14.314224');
INSERT INTO django_admin_log VALUES(89,'1','Blog: Nouns',2,'[{"changed": {"fields": ["Body"]}}]',7,1,'2024-07-23 17:30:30.704458');
INSERT INTO django_admin_log VALUES(90,'1','Blog: Nouns',2,'[{"changed": {"fields": ["Body"]}}]',7,1,'2024-07-23 17:34:08.986279');
INSERT INTO django_admin_log VALUES(91,'1','Blog: Nouns',2,'[{"changed": {"fields": ["Body"]}}]',7,1,'2024-07-23 17:35:58.200513');
INSERT INTO django_admin_log VALUES(92,'1','Blog: Nouns',2,'[{"changed": {"fields": ["Body"]}}]',7,1,'2024-07-23 17:36:14.781126');
INSERT INTO django_admin_log VALUES(93,'1','Blog: Nouns',2,'[{"changed": {"fields": ["Body"]}}]',7,1,'2024-07-23 17:37:30.105310');
INSERT INTO django_admin_log VALUES(94,'1','Blog: Nouns',2,'[{"changed": {"fields": ["Body"]}}]',7,1,'2024-07-23 17:38:17.136603');
INSERT INTO django_admin_log VALUES(95,'1','Blog: Nouns',2,'[{"changed": {"fields": ["Body"]}}]',7,1,'2024-07-23 17:38:36.630553');
INSERT INTO django_admin_log VALUES(96,'21','Pen',3,'',9,1,'2024-07-26 16:01:59.721727');
INSERT INTO django_admin_log VALUES(97,'20','Chaise',3,'',9,1,'2024-07-26 16:01:59.745629');
INSERT INTO django_admin_log VALUES(98,'19','Dog',3,'',9,1,'2024-07-26 16:01:59.757194');
INSERT INTO django_admin_log VALUES(99,'18','Book',3,'',9,1,'2024-07-26 16:01:59.768740');
INSERT INTO django_admin_log VALUES(100,'17','Fleur',3,'',9,1,'2024-07-26 16:01:59.781588');
INSERT INTO django_admin_log VALUES(101,'16','House',3,'',9,1,'2024-07-26 16:01:59.793627');
INSERT INTO django_admin_log VALUES(102,'9','Je suis fatigué',3,'',9,1,'2024-07-27 08:31:29.051257');
INSERT INTO django_admin_log VALUES(103,'2','Les sondages',2,'[{"changed": {"fields": ["Question"]}}]',9,1,'2024-07-27 08:33:06.394787');
INSERT INTO django_admin_log VALUES(104,'10','The house',2,'[{"changed": {"fields": ["Question", "Answer"]}}]',9,1,'2024-07-27 08:35:49.987438');
INSERT INTO django_admin_log VALUES(105,'11','la fleur',2,'[{"changed": {"fields": ["Question"]}}]',9,1,'2024-07-27 08:36:07.629739');
INSERT INTO django_admin_log VALUES(106,'12','the book',2,'[{"changed": {"fields": ["Question", "Answer"]}}]',9,1,'2024-07-27 08:36:17.441025');
INSERT INTO django_admin_log VALUES(107,'13','the dog',2,'[{"changed": {"fields": ["Question", "Answer"]}}]',9,1,'2024-07-27 08:36:32.883725');
INSERT INTO django_admin_log VALUES(108,'14','la chaise',2,'[{"changed": {"fields": ["Question"]}}]',9,1,'2024-07-27 08:36:43.151780');
INSERT INTO django_admin_log VALUES(109,'15','the pen',2,'[{"changed": {"fields": ["Question", "Answer"]}}]',9,1,'2024-07-27 08:36:53.074895');
INSERT INTO django_admin_log VALUES(110,'10','the house',2,'[{"changed": {"fields": ["Question"]}}]',9,1,'2024-07-27 08:37:03.739832');
INSERT INTO django_admin_log VALUES(111,'8','the book',2,'[{"changed": {"fields": ["Question", "Answer", "Option one", "Option two", "Option three"]}}]',9,1,'2024-07-27 08:37:16.749926');
INSERT INTO django_admin_log VALUES(112,'2','les sondages',2,'[{"changed": {"fields": ["Question"]}}]',9,1,'2024-07-27 08:37:22.135153');
INSERT INTO django_admin_log VALUES(113,'12','the book',2,'[{"changed": {"fields": ["Option one", "Option two", "Option three"]}}]',9,1,'2024-07-27 08:37:40.376639');
INSERT INTO django_admin_log VALUES(114,'14','la chaise',2,'[]',9,1,'2024-07-27 08:37:49.810675');
INSERT INTO django_admin_log VALUES(115,'15','the pen',2,'[{"changed": {"fields": ["Option one", "Option two", "Option three"]}}]',9,1,'2024-07-27 08:38:02.786699');
INSERT INTO django_admin_log VALUES(116,'1','le chat',2,'[{"changed": {"fields": ["Question"]}}]',9,1,'2024-07-27 08:38:07.683594');
INSERT INTO django_admin_log VALUES(117,'1','le chat',2,'[{"changed": {"fields": ["Answer"]}}]',9,1,'2024-07-27 08:38:13.379593');
INSERT INTO django_admin_log VALUES(118,'4','N3',1,'[{"added": {}}]',11,1,'2024-07-27 08:39:57.935312');
INSERT INTO django_admin_log VALUES(119,'5','N4',1,'[{"added": {}}]',11,1,'2024-07-27 08:40:01.751029');
INSERT INTO django_admin_log VALUES(120,'6','N5',1,'[{"added": {}}]',11,1,'2024-07-27 08:40:08.401808');
INSERT INTO django_admin_log VALUES(121,'15','the pen',3,'',9,1,'2024-07-27 09:15:50.458639');
INSERT INTO django_admin_log VALUES(122,'14','la chaise',3,'',9,1,'2024-07-27 09:15:50.463637');
INSERT INTO django_admin_log VALUES(123,'13','the dog',3,'',9,1,'2024-07-27 09:15:50.467638');
INSERT INTO django_admin_log VALUES(124,'12','the book',3,'',9,1,'2024-07-27 09:15:50.470637');
INSERT INTO django_admin_log VALUES(125,'11','la fleur',3,'',9,1,'2024-07-27 09:15:50.474636');
INSERT INTO django_admin_log VALUES(126,'10','the house',3,'',9,1,'2024-07-27 09:15:50.478638');
INSERT INTO django_admin_log VALUES(127,'8','the book',3,'',9,1,'2024-07-27 09:15:50.482637');
INSERT INTO django_admin_log VALUES(128,'2','les sondages',3,'',9,1,'2024-07-27 09:15:50.486271');
INSERT INTO django_admin_log VALUES(129,'1','le chat',3,'',9,1,'2024-07-27 09:15:50.490271');
INSERT INTO django_admin_log VALUES(130,'3','N3',2,'[{"changed": {"fields": ["Name"]}}]',11,1,'2024-07-27 09:17:47.877490');
INSERT INTO django_admin_log VALUES(131,'3','N3',2,'[{"changed": {"fields": ["Blog"]}}]',11,1,'2024-07-27 09:18:05.187479');
INSERT INTO django_admin_log VALUES(132,'4','N4',2,'[{"changed": {"fields": ["Name"]}}]',11,1,'2024-07-27 09:18:12.373742');
INSERT INTO django_admin_log VALUES(133,'5','N5',2,'[{"changed": {"fields": ["Name"]}}]',11,1,'2024-07-27 09:18:18.122518');
INSERT INTO django_admin_log VALUES(134,'6','A1',2,'[{"changed": {"fields": ["Name", "Blog"]}}]',11,1,'2024-07-27 09:18:25.996389');
INSERT INTO django_admin_log VALUES(135,'5','A1',2,'[{"changed": {"fields": ["Name", "Blog"]}}]',11,1,'2024-07-27 15:40:54.776712');
INSERT INTO django_admin_log VALUES(136,'6','A2',2,'[{"changed": {"fields": ["Name"]}}]',11,1,'2024-07-27 15:40:59.807358');
INSERT INTO django_admin_log VALUES(137,'1','N1',2,'[{"changed": {"fields": ["Instruction"]}}]',11,1,'2024-07-27 15:41:36.275599');
INSERT INTO django_admin_log VALUES(138,'71','le temps',3,'',9,1,'2024-07-27 15:41:52.411994');
INSERT INTO django_admin_log VALUES(139,'70','l''homme',3,'',9,1,'2024-07-27 15:41:52.415998');
INSERT INTO django_admin_log VALUES(140,'69','la chose',3,'',9,1,'2024-07-27 15:41:52.419994');
INSERT INTO django_admin_log VALUES(141,'68','le temps',3,'',9,1,'2024-07-27 15:41:52.423509');
INSERT INTO django_admin_log VALUES(142,'67','l''homme',3,'',9,1,'2024-07-27 15:41:52.427959');
INSERT INTO django_admin_log VALUES(143,'66','la chose',3,'',9,1,'2024-07-27 15:41:52.431455');
INSERT INTO django_admin_log VALUES(144,'65','le temps',3,'',9,1,'2024-07-27 15:41:52.435461');
INSERT INTO django_admin_log VALUES(145,'64','the man',3,'',9,1,'2024-07-27 15:41:52.439404');
INSERT INTO django_admin_log VALUES(146,'63','the thing',3,'',9,1,'2024-07-27 15:41:52.444598');
INSERT INTO django_admin_log VALUES(147,'62','the time',3,'',9,1,'2024-07-27 15:41:52.448595');
INSERT INTO django_admin_log VALUES(148,'61','la madame',3,'',9,1,'2024-07-27 15:41:52.452676');
INSERT INTO django_admin_log VALUES(149,'60','l''année',3,'',9,1,'2024-07-27 15:41:52.455208');
INSERT INTO django_admin_log VALUES(150,'59','le monde',3,'',9,1,'2024-07-27 15:41:52.459694');
INSERT INTO django_admin_log VALUES(151,'58','la madame',3,'',9,1,'2024-07-27 15:41:52.464840');
INSERT INTO django_admin_log VALUES(152,'57','l''année',3,'',9,1,'2024-07-27 15:41:52.468838');
INSERT INTO django_admin_log VALUES(153,'56','le monde',3,'',9,1,'2024-07-27 15:41:52.473354');
INSERT INTO django_admin_log VALUES(154,'55','la madame',3,'',9,1,'2024-07-27 15:41:52.478357');
INSERT INTO django_admin_log VALUES(155,'54','the year',3,'',9,1,'2024-07-27 15:41:52.482830');
INSERT INTO django_admin_log VALUES(156,'53','the world',3,'',9,1,'2024-07-27 15:41:52.485848');
INSERT INTO django_admin_log VALUES(157,'52','the lady',3,'',9,1,'2024-07-27 15:41:52.489843');
INSERT INTO django_admin_log VALUES(158,'51','la vie',3,'',9,1,'2024-07-27 15:41:52.493359');
INSERT INTO django_admin_log VALUES(159,'50','le monsieur',3,'',9,1,'2024-07-27 15:41:52.498324');
INSERT INTO django_admin_log VALUES(160,'49','le moment',3,'',9,1,'2024-07-27 15:41:52.501829');
INSERT INTO django_admin_log VALUES(161,'48','la vie',3,'',9,1,'2024-07-27 15:41:52.505836');
INSERT INTO django_admin_log VALUES(162,'47','le monsieur',3,'',9,1,'2024-07-27 15:41:52.508839');
INSERT INTO django_admin_log VALUES(163,'46','le moment',3,'',9,1,'2024-07-27 15:41:52.513364');
INSERT INTO django_admin_log VALUES(164,'45','la vie',3,'',9,1,'2024-07-27 15:41:52.517364');
INSERT INTO django_admin_log VALUES(165,'44','the gentleman',3,'',9,1,'2024-07-27 15:41:52.521363');
INSERT INTO django_admin_log VALUES(166,'43','the moment',3,'',9,1,'2024-07-27 15:41:52.525390');
INSERT INTO django_admin_log VALUES(167,'42','the life',3,'',9,1,'2024-07-27 15:41:52.529911');
INSERT INTO django_admin_log VALUES(168,'41','le jour',3,'',9,1,'2024-07-27 15:41:52.533297');
INSERT INTO django_admin_log VALUES(169,'40','l''enfant',3,'',9,1,'2024-07-27 15:41:52.537309');
INSERT INTO django_admin_log VALUES(170,'39','la femme',3,'',9,1,'2024-07-27 15:41:52.541815');
INSERT INTO django_admin_log VALUES(171,'38','le jour',3,'',9,1,'2024-07-27 15:41:52.545825');
INSERT INTO django_admin_log VALUES(172,'37','l''enfant',3,'',9,1,'2024-07-27 15:41:52.549823');
INSERT INTO django_admin_log VALUES(173,'36','la femme',3,'',9,1,'2024-07-27 15:41:52.553343');
INSERT INTO django_admin_log VALUES(174,'35','le jour',3,'',9,1,'2024-07-27 15:41:52.557343');
INSERT INTO django_admin_log VALUES(175,'34','the child',3,'',9,1,'2024-07-27 15:41:52.562431');
INSERT INTO django_admin_log VALUES(176,'33','the woman',3,'',9,1,'2024-07-27 15:41:52.566587');
INSERT INTO django_admin_log VALUES(177,'32','the day',3,'',9,1,'2024-07-27 15:41:52.571587');
INSERT INTO django_admin_log VALUES(178,'31','le temps',3,'',9,1,'2024-07-27 15:41:52.576723');
INSERT INTO django_admin_log VALUES(179,'30','l''homme',3,'',9,1,'2024-07-27 15:41:52.630465');
INSERT INTO django_admin_log VALUES(180,'29','la chose',3,'',9,1,'2024-07-27 15:41:52.670772');
INSERT INTO django_admin_log VALUES(181,'28','le temps',3,'',9,1,'2024-07-27 15:41:52.676846');
INSERT INTO django_admin_log VALUES(182,'27','l''homme',3,'',9,1,'2024-07-27 15:41:52.681357');
INSERT INTO django_admin_log VALUES(183,'26','la chose',3,'',9,1,'2024-07-27 15:41:52.686401');
INSERT INTO django_admin_log VALUES(184,'25','le temps',3,'',9,1,'2024-07-27 15:41:52.691413');
INSERT INTO django_admin_log VALUES(185,'24','the man',3,'',9,1,'2024-07-27 15:41:52.697501');
INSERT INTO django_admin_log VALUES(186,'23','the thing',3,'',9,1,'2024-07-27 15:41:52.702607');
INSERT INTO django_admin_log VALUES(187,'22','the time',3,'',9,1,'2024-07-27 15:41:52.707621');
INSERT INTO django_admin_log VALUES(188,'2','N2',2,'[{"changed": {"fields": ["Instruction"]}}]',11,1,'2024-07-27 16:14:48.999623');
INSERT INTO django_admin_log VALUES(189,'3','N3',2,'[{"changed": {"fields": ["Instruction"]}}]',11,1,'2024-07-27 16:16:00.596871');
INSERT INTO django_admin_log VALUES(190,'6','A3',2,'[{"changed": {"fields": ["Name"]}}]',11,1,'2024-07-27 16:24:59.034813');
INSERT INTO django_admin_log VALUES(191,'5','A2',2,'[{"changed": {"fields": ["Name"]}}]',11,1,'2024-07-27 16:25:03.225021');
INSERT INTO django_admin_log VALUES(192,'4','A1',2,'[{"changed": {"fields": ["Name", "Blog"]}}]',11,1,'2024-07-27 16:25:13.408796');
INSERT INTO django_admin_log VALUES(193,'4','A1',2,'[{"changed": {"fields": ["Instruction"]}}]',11,1,'2024-07-27 16:26:59.988878');
INSERT INTO django_admin_log VALUES(194,'4','A1',2,'[]',11,1,'2024-07-27 16:27:06.027711');
INSERT INTO django_admin_log VALUES(195,'5','A2',2,'[{"changed": {"fields": ["Instruction"]}}]',11,1,'2024-07-27 16:27:09.359071');
INSERT INTO django_admin_log VALUES(196,'119','un système',3,'',9,1,'2024-07-27 16:31:00.101180');
INSERT INTO django_admin_log VALUES(197,'118','un gouvernement',3,'',9,1,'2024-07-27 16:31:00.105205');
INSERT INTO django_admin_log VALUES(198,'117','un point',3,'',9,1,'2024-07-27 16:31:00.109203');
INSERT INTO django_admin_log VALUES(199,'116','une question',3,'',9,1,'2024-07-27 16:31:00.113352');
INSERT INTO django_admin_log VALUES(200,'115','un travail',3,'',9,1,'2024-07-27 16:31:00.117350');
INSERT INTO django_admin_log VALUES(201,'114','une information',3,'',9,1,'2024-07-27 16:31:00.121859');
INSERT INTO django_admin_log VALUES(202,'113','une histoire',3,'',9,1,'2024-07-27 16:31:00.124871');
INSERT INTO django_admin_log VALUES(203,'112','un argent',3,'',9,1,'2024-07-27 16:31:00.128868');
INSERT INTO django_admin_log VALUES(204,'111','une entreprise',3,'',9,1,'2024-07-27 16:31:00.133591');
INSERT INTO django_admin_log VALUES(205,'110','un endroit',3,'',9,1,'2024-07-27 16:31:00.137528');
INSERT INTO django_admin_log VALUES(206,'109','une main',3,'',9,1,'2024-07-27 16:31:00.142041');
INSERT INTO django_admin_log VALUES(207,'108','un problème',3,'',9,1,'2024-07-27 16:31:00.147040');
INSERT INTO django_admin_log VALUES(208,'131','un système',3,'',9,1,'2024-07-27 16:32:39.871386');
INSERT INTO django_admin_log VALUES(209,'130','un gouvernement',3,'',9,1,'2024-07-27 16:32:39.874520');
INSERT INTO django_admin_log VALUES(210,'129','un point',3,'',9,1,'2024-07-27 16:32:39.877877');
INSERT INTO django_admin_log VALUES(211,'128','une question',3,'',9,1,'2024-07-27 16:32:39.882910');
INSERT INTO django_admin_log VALUES(212,'127','un travail',3,'',9,1,'2024-07-27 16:32:39.886918');
INSERT INTO django_admin_log VALUES(213,'126','une information',3,'',9,1,'2024-07-27 16:32:39.890918');
INSERT INTO django_admin_log VALUES(214,'125','une histoire',3,'',9,1,'2024-07-27 16:32:39.896453');
INSERT INTO django_admin_log VALUES(215,'124','un argent',3,'',9,1,'2024-07-27 16:32:39.901447');
INSERT INTO django_admin_log VALUES(216,'123','une entreprise',3,'',9,1,'2024-07-27 16:32:39.905965');
INSERT INTO django_admin_log VALUES(217,'122','un endroit',3,'',9,1,'2024-07-27 16:32:39.911972');
INSERT INTO django_admin_log VALUES(218,'121','une main',3,'',9,1,'2024-07-27 16:32:39.917088');
INSERT INTO django_admin_log VALUES(219,'120','un problème',3,'',9,1,'2024-07-27 16:32:39.923091');
INSERT INTO django_admin_log VALUES(220,'155','le système',3,'',9,1,'2024-07-27 16:36:01.899274');
INSERT INTO django_admin_log VALUES(221,'154','le gouvernement',3,'',9,1,'2024-07-27 16:36:01.903384');
INSERT INTO django_admin_log VALUES(222,'153','le point',3,'',9,1,'2024-07-27 16:36:01.908785');
INSERT INTO django_admin_log VALUES(223,'152','la question',3,'',9,1,'2024-07-27 16:36:01.912787');
INSERT INTO django_admin_log VALUES(224,'151','le travail',3,'',9,1,'2024-07-27 16:36:01.917294');
INSERT INTO django_admin_log VALUES(225,'150','l''information',3,'',9,1,'2024-07-27 16:36:01.920301');
INSERT INTO django_admin_log VALUES(226,'149','l''histoire',3,'',9,1,'2024-07-27 16:36:01.924302');
INSERT INTO django_admin_log VALUES(227,'148','l''argent',3,'',9,1,'2024-07-27 16:36:01.928827');
INSERT INTO django_admin_log VALUES(228,'147','l''entreprise',3,'',9,1,'2024-07-27 16:36:01.933829');
INSERT INTO django_admin_log VALUES(229,'146','l''endroit',3,'',9,1,'2024-07-27 16:36:01.937334');
INSERT INTO django_admin_log VALUES(230,'145','la main',3,'',9,1,'2024-07-27 16:36:01.941856');
INSERT INTO django_admin_log VALUES(231,'144','le problème',3,'',9,1,'2024-07-27 16:36:01.945858');
INSERT INTO django_admin_log VALUES(232,'143','le système',3,'',9,1,'2024-07-27 16:36:01.950405');
INSERT INTO django_admin_log VALUES(233,'142','le gouvernement',3,'',9,1,'2024-07-27 16:36:01.956348');
INSERT INTO django_admin_log VALUES(234,'141','le point',3,'',9,1,'2024-07-27 16:36:01.961861');
INSERT INTO django_admin_log VALUES(235,'140','la question',3,'',9,1,'2024-07-27 16:36:01.967938');
INSERT INTO django_admin_log VALUES(236,'139','le travail',3,'',9,1,'2024-07-27 16:36:01.971938');
INSERT INTO django_admin_log VALUES(237,'138','l''information',3,'',9,1,'2024-07-27 16:36:01.975939');
INSERT INTO django_admin_log VALUES(238,'137','l''histoire',3,'',9,1,'2024-07-27 16:36:01.981070');
INSERT INTO django_admin_log VALUES(239,'136','l''argent',3,'',9,1,'2024-07-27 16:36:01.984067');
INSERT INTO django_admin_log VALUES(240,'135','l''entreprise',3,'',9,1,'2024-07-27 16:36:01.988650');
INSERT INTO django_admin_log VALUES(241,'134','l''endroit',3,'',9,1,'2024-07-27 16:36:01.994668');
INSERT INTO django_admin_log VALUES(242,'133','la main',3,'',9,1,'2024-07-27 16:36:02.000204');
INSERT INTO django_admin_log VALUES(243,'132','le problème',3,'',9,1,'2024-07-27 16:36:02.004204');
INSERT INTO django_admin_log VALUES(244,'5','A2',2,'[{"changed": {"fields": ["Instruction"]}}]',11,1,'2024-07-27 16:37:14.809428');
INSERT INTO django_admin_log VALUES(245,'6','A3',2,'[{"changed": {"fields": ["Instruction"]}}]',11,1,'2024-07-27 16:43:14.176194');
INSERT INTO django_admin_log VALUES(246,'7','A4',1,'[{"added": {}}]',11,1,'2024-07-27 16:46:21.851952');
INSERT INTO django_admin_log VALUES(247,'6','A3',2,'[]',11,1,'2024-07-27 16:46:25.251744');
INSERT INTO django_admin_log VALUES(248,'7','A4',2,'[{"changed": {"fields": ["Instruction"]}}]',11,1,'2024-07-27 16:50:19.085456');
CREATE TABLE IF NOT EXISTS "django_content_type" ("id" integer NOT NULL PRIMARY KEY AUTOINCREMENT, "app_label" varchar(100) NOT NULL, "model" varchar(100) NOT NULL);
INSERT INTO django_content_type VALUES(1,'admin','logentry');
INSERT INTO django_content_type VALUES(2,'auth','permission');
INSERT INTO django_content_type VALUES(3,'auth','group');
INSERT INTO django_content_type VALUES(4,'auth','user');
INSERT INTO django_content_type VALUES(5,'contenttypes','contenttype');
INSERT INTO django_content_type VALUES(6,'sessions','session');
INSERT INTO django_content_type VALUES(7,'api','grammarblog');
INSERT INTO django_content_type VALUES(8,'api','grammarconcept');
INSERT INTO django_content_type VALUES(9,'api','grammartest');
INSERT INTO django_content_type VALUES(10,'api','vocab');
INSERT INTO django_content_type VALUES(11,'api','grammartestsection');
INSERT INTO django_content_type VALUES(12,'api','grammarassessment');
CREATE TABLE IF NOT EXISTS "auth_permission" ("id" integer NOT NULL PRIMARY KEY AUTOINCREMENT, "content_type_id" integer NOT NULL REFERENCES "django_content_type" ("id") DEFERRABLE INITIALLY DEFERRED, "codename" varchar(100) NOT NULL, "name" varchar(255) NOT NULL);
INSERT INTO auth_permission VALUES(1,1,'add_logentry','Can add log entry');
INSERT INTO auth_permission VALUES(2,1,'change_logentry','Can change log entry');
INSERT INTO auth_permission VALUES(3,1,'delete_logentry','Can delete log entry');
INSERT INTO auth_permission VALUES(4,1,'view_logentry','Can view log entry');
INSERT INTO auth_permission VALUES(5,2,'add_permission','Can add permission');
INSERT INTO auth_permission VALUES(6,2,'change_permission','Can change permission');
INSERT INTO auth_permission VALUES(7,2,'delete_permission','Can delete permission');
INSERT INTO auth_permission VALUES(8,2,'view_permission','Can view permission');
INSERT INTO auth_permission VALUES(9,3,'add_group','Can add group');
INSERT INTO auth_permission VALUES(10,3,'change_group','Can change group');
INSERT INTO auth_permission VALUES(11,3,'delete_group','Can delete group');
INSERT INTO auth_permission VALUES(12,3,'view_group','Can view group');
INSERT INTO auth_permission VALUES(13,4,'add_user','Can add user');
INSERT INTO auth_permission VALUES(14,4,'change_user','Can change user');
INSERT INTO auth_permission VALUES(15,4,'delete_user','Can delete user');
INSERT INTO auth_permission VALUES(16,4,'view_user','Can view user');
INSERT INTO auth_permission VALUES(17,5,'add_contenttype','Can add content type');
INSERT INTO auth_permission VALUES(18,5,'change_contenttype','Can change content type');
INSERT INTO auth_permission VALUES(19,5,'delete_contenttype','Can delete content type');
INSERT INTO auth_permission VALUES(20,5,'view_contenttype','Can view content type');
INSERT INTO auth_permission VALUES(21,6,'add_session','Can add session');
INSERT INTO auth_permission VALUES(22,6,'change_session','Can change session');
INSERT INTO auth_permission VALUES(23,6,'delete_session','Can delete session');
INSERT INTO auth_permission VALUES(24,6,'view_session','Can view session');
INSERT INTO auth_permission VALUES(25,7,'add_grammarblog','Can add grammar blog');
INSERT INTO auth_permission VALUES(26,7,'change_grammarblog','Can change grammar blog');
INSERT INTO auth_permission VALUES(27,7,'delete_grammarblog','Can delete grammar blog');
INSERT INTO auth_permission VALUES(28,7,'view_grammarblog','Can view grammar blog');
INSERT INTO auth_permission VALUES(29,8,'add_grammarconcept','Can add grammar concept');
INSERT INTO auth_permission VALUES(30,8,'change_grammarconcept','Can change grammar concept');
INSERT INTO auth_permission VALUES(31,8,'delete_grammarconcept','Can delete grammar concept');
INSERT INTO auth_permission VALUES(32,8,'view_grammarconcept','Can view grammar concept');
INSERT INTO auth_permission VALUES(33,9,'add_grammartest','Can add grammar test');
INSERT INTO auth_permission VALUES(34,9,'change_grammartest','Can change grammar test');
INSERT INTO auth_permission VALUES(35,9,'delete_grammartest','Can delete grammar test');
INSERT INTO auth_permission VALUES(36,9,'view_grammartest','Can view grammar test');
INSERT INTO auth_permission VALUES(37,10,'add_vocab','Can add vocab');
INSERT INTO auth_permission VALUES(38,10,'change_vocab','Can change vocab');
INSERT INTO auth_permission VALUES(39,10,'delete_vocab','Can delete vocab');
INSERT INTO auth_permission VALUES(40,10,'view_vocab','Can view vocab');
INSERT INTO auth_permission VALUES(41,11,'add_grammartestsection','Can add grammar test section');
INSERT INTO auth_permission VALUES(42,11,'change_grammartestsection','Can change grammar test section');
INSERT INTO auth_permission VALUES(43,11,'delete_grammartestsection','Can delete grammar test section');
INSERT INTO auth_permission VALUES(44,11,'view_grammartestsection','Can view grammar test section');
INSERT INTO auth_permission VALUES(45,12,'add_grammarassessment','Can add grammar assessment');
INSERT INTO auth_permission VALUES(46,12,'change_grammarassessment','Can change grammar assessment');
INSERT INTO auth_permission VALUES(47,12,'delete_grammarassessment','Can delete grammar assessment');
INSERT INTO auth_permission VALUES(48,12,'view_grammarassessment','Can view grammar assessment');
CREATE TABLE IF NOT EXISTS "auth_group" ("id" integer NOT NULL PRIMARY KEY AUTOINCREMENT, "name" varchar(150) NOT NULL UNIQUE);
CREATE TABLE IF NOT EXISTS "auth_user" ("id" integer NOT NULL PRIMARY KEY AUTOINCREMENT, "password" varchar(128) NOT NULL, "last_login" datetime NULL, "is_superuser" bool NOT NULL, "username" varchar(150) NOT NULL UNIQUE, "last_name" varchar(150) NOT NULL, "email" varchar(254) NOT NULL, "is_staff" bool NOT NULL, "is_active" bool NOT NULL, "date_joined" datetime NOT NULL, "first_name" varchar(150) NOT NULL);
INSERT INTO auth_user VALUES(1,'pbkdf2_sha256$720000$uVFGKUatYfe6D3amMQHh05$VPI76HG8dGoFqjUmIFxiXeJ14UflBF7fN7WSo87dGwQ=','2024-07-24 13:21:54.092579',1,'admin','','matthewclifford@hotmail.co.uk',1,1,'2024-07-17 13:17:58.901843','');
CREATE TABLE IF NOT EXISTS "django_session" ("session_key" varchar(40) NOT NULL PRIMARY KEY, "session_data" text NOT NULL, "expire_date" datetime NOT NULL);
INSERT INTO django_session VALUES('m2kzz6d86okqj0z83ner3fkxh3nptriw','.eJxVjMsOwiAQRf-FtSGFMjxcuvcbyDAMUjU0Ke3K-O_apAvd3nPOfYmI21rj1nmJUxZnocTpd0tID247yHdst1nS3NZlSnJX5EG7vM6Zn5fD_Tuo2Ou35pEtD5kdqAQhJA9aG-9IgUWyPBbwAJ6KCVaZYlUwGphwAKdBBa_F-wPSEzbS:1sU4Y2:f-Q_tuLEzCS4MWUGRDKh-uoV-79YwBwW4D-rl_AZ3XQ','2024-07-31 13:18:22.528761');
INSERT INTO django_session VALUES('3jx96hhe09uzw2qhjfbzholyxzgaioku','.eJxVjMsOwiAQRf-FtSGFMjxcuvcbyDAMUjU0Ke3K-O_apAvd3nPOfYmI21rj1nmJUxZnocTpd0tID247yHdst1nS3NZlSnJX5EG7vM6Zn5fD_Tuo2Ou35pEtD5kdqAQhJA9aG-9IgUWyPBbwAJ6KCVaZYlUwGphwAKdBBa_F-wPSEzbS:1sUATz:hqOJCpNXEsYUAKPxaYXYxTCfn1KUrULQCiSi-If9AL8','2024-07-31 19:38:35.654799');
INSERT INTO django_session VALUES('8pkzw9y81wn1d9251sudc95il35jihbb','.eJxVjMsOwiAQRf-FtSGFMjxcuvcbyDAMUjU0Ke3K-O_apAvd3nPOfYmI21rj1nmJUxZnocTpd0tID247yHdst1nS3NZlSnJX5EG7vM6Zn5fD_Tuo2Ou35pEtD5kdqAQhJA9aG-9IgUWyPBbwAJ6KCVaZYlUwGphwAKdBBa_F-wPSEzbS:1sUhTl:NiYdmTGkKjZxnmyR44wTU_jzl3v8Y5lRiLyWV13dDWw','2024-08-02 06:52:33.626914');
INSERT INTO django_session VALUES('o4jr2xrxl9tez81ali20t03gz5z83usi','.eJxVjMsOwiAQRf-FtSGFMjxcuvcbyDAMUjU0Ke3K-O_apAvd3nPOfYmI21rj1nmJUxZnocTpd0tID247yHdst1nS3NZlSnJX5EG7vM6Zn5fD_Tuo2Ou35pEtD5kdqAQhJA9aG-9IgUWyPBbwAJ6KCVaZYlUwGphwAKdBBa_F-wPSEzbS:1sWbwI:RPcVuXOE3m5jLiCCQxzTseuR2QRDZJMbiCNd0M6FBtk','2024-08-07 13:21:54.105241');
CREATE TABLE IF NOT EXISTS "api_vocab" ("id" integer NOT NULL PRIMARY KEY AUTOINCREMENT);
CREATE TABLE IF NOT EXISTS "GrammarTests" ("id" integer NOT NULL PRIMARY KEY AUTOINCREMENT, "answer" varchar(255) NOT NULL, "question" varchar(255) NOT NULL, "test_type" integer NOT NULL, "option_one" varchar(255) NOT NULL, "option_three" varchar(255) NOT NULL, "option_two" varchar(255) NOT NULL, "test_section_id" bigint NOT NULL REFERENCES "grammartestsection" ("id") DEFERRABLE INITIALLY DEFERRED, "feedback" varchar(255) NOT NULL);
INSERT INTO GrammarTests VALUES(72,'masculine','le temps',2,'feminine','','',1,'');
INSERT INTO GrammarTests VALUES(73,'feminine','la chose',2,'masculine','','',1,'');
INSERT INTO GrammarTests VALUES(74,'masculine','l''homme',2,'feminine','','',1,'');
INSERT INTO GrammarTests VALUES(75,'masculine','le jour',2,'feminine','','',1,'');
INSERT INTO GrammarTests VALUES(76,'feminine','la femme',2,'masculine','','',1,'');
INSERT INTO GrammarTests VALUES(77,'masculine','l''enfant',2,'feminine','','',1,'');
INSERT INTO GrammarTests VALUES(78,'feminine','la vie',2,'masculine','','',1,'');
INSERT INTO GrammarTests VALUES(79,'masculine','le moment',2,'feminine','','',1,'');
INSERT INTO GrammarTests VALUES(80,'masculine','le monsieur',2,'feminine','','',1,'');
INSERT INTO GrammarTests VALUES(81,'feminine','la madame',2,'masculine','','',1,'');
INSERT INTO GrammarTests VALUES(82,'masculine','le monde',2,'feminine','','',1,'');
INSERT INTO GrammarTests VALUES(83,'feminine','l''année',2,'masculine','','',1,'');
INSERT INTO GrammarTests VALUES(84,'les temps','le temps',1,'','','',2,'');
INSERT INTO GrammarTests VALUES(85,'les choses','la chose',1,'','','',2,'');
INSERT INTO GrammarTests VALUES(86,'les hommes','l''homme',1,'','','',2,'');
INSERT INTO GrammarTests VALUES(87,'les jours','le jour',1,'','','',2,'');
INSERT INTO GrammarTests VALUES(88,'les femmes','la femme',1,'','','',2,'');
INSERT INTO GrammarTests VALUES(89,'les enfants','l''enfant',1,'','','',2,'');
INSERT INTO GrammarTests VALUES(90,'les vies','la vie',1,'','','',2,'');
INSERT INTO GrammarTests VALUES(91,'les moments','le moment',1,'','','',2,'');
INSERT INTO GrammarTests VALUES(92,'les messieurs','le monsieur',1,'','','',2,'');
INSERT INTO GrammarTests VALUES(93,'les mesdames','la madame',1,'','','',2,'');
INSERT INTO GrammarTests VALUES(94,'les mondes','le monde',1,'','','',2,'');
INSERT INTO GrammarTests VALUES(95,'les années','l''année',1,'','','',2,'');
INSERT INTO GrammarTests VALUES(96,'les temps','le temps',4,'','','',3,'');
INSERT INTO GrammarTests VALUES(97,'les choses','la chose',4,'','','',3,'');
INSERT INTO GrammarTests VALUES(98,'les hommes','l''homme',4,'','','',3,'');
INSERT INTO GrammarTests VALUES(99,'les jours','le jour',4,'','','',3,'');
INSERT INTO GrammarTests VALUES(100,'les femmes','la femme',4,'','','',3,'');
INSERT INTO GrammarTests VALUES(101,'les enfants','l''enfant',4,'','','',3,'');
INSERT INTO GrammarTests VALUES(102,'les vies','la vie',4,'','','',3,'');
INSERT INTO GrammarTests VALUES(103,'les moments','le moment',4,'','','',3,'');
INSERT INTO GrammarTests VALUES(104,'les messieurs','le monsieur',4,'','','',3,'');
INSERT INTO GrammarTests VALUES(105,'les mesdames','la madame',4,'','','',3,'');
INSERT INTO GrammarTests VALUES(106,'les mondes','le monde',4,'','','',3,'');
INSERT INTO GrammarTests VALUES(107,'les années','l''année',4,'','','',3,'');
INSERT INTO GrammarTests VALUES(156,'le problème','un problème',1,'','','',4,'');
INSERT INTO GrammarTests VALUES(157,'la main','une main',1,'','','',4,'');
INSERT INTO GrammarTests VALUES(158,'l''endroit','un endroit',1,'','','',4,'');
INSERT INTO GrammarTests VALUES(159,'l''entreprise','une entreprise',1,'','','',4,'');
INSERT INTO GrammarTests VALUES(160,'l''argent','un argent',1,'','','',4,'');
INSERT INTO GrammarTests VALUES(161,'l''histoire','une histoire',1,'','','',4,'');
INSERT INTO GrammarTests VALUES(162,'l''information','une information',1,'','','',4,'');
INSERT INTO GrammarTests VALUES(163,'le travail','un travail',1,'','','',4,'');
INSERT INTO GrammarTests VALUES(164,'la question','une question',1,'','','',4,'');
INSERT INTO GrammarTests VALUES(165,'le point','un point',1,'','','',4,'');
INSERT INTO GrammarTests VALUES(166,'le gouvernement','un gouvernement',1,'','','',4,'');
INSERT INTO GrammarTests VALUES(167,'le système','un système',1,'','','',4,'');
INSERT INTO GrammarTests VALUES(168,'un problème','le problème',1,'','','',5,'');
INSERT INTO GrammarTests VALUES(169,'une main','la main',1,'','','',5,'');
INSERT INTO GrammarTests VALUES(170,'un endroit','l''endroit',1,'','','',5,'');
INSERT INTO GrammarTests VALUES(171,'une entreprise','l''entreprise',1,'','','',5,'');
INSERT INTO GrammarTests VALUES(172,'un argent','l''argent',1,'','','',5,'');
INSERT INTO GrammarTests VALUES(173,'une histoire','l''histoire',1,'','','',5,'');
INSERT INTO GrammarTests VALUES(174,'une information','l''information',1,'','','',5,'');
INSERT INTO GrammarTests VALUES(175,'un travail','le travail',1,'','','',5,'');
INSERT INTO GrammarTests VALUES(176,'une question','la question',1,'','','',5,'');
INSERT INTO GrammarTests VALUES(177,'un point','le point',1,'','','',5,'');
INSERT INTO GrammarTests VALUES(178,'un gouvernement','le gouvernement',1,'','','',5,'');
INSERT INTO GrammarTests VALUES(179,'un système','le système',1,'','','',5,'');
INSERT INTO GrammarTests VALUES(180,'Je veux du chocolat','Je veux ...... chocolat',1,'','','',6,'');
INSERT INTO GrammarTests VALUES(181,'Elle a besoin d''eau','Elle a besoin ...... eau',1,'','','',6,'');
INSERT INTO GrammarTests VALUES(182,'Nous avons acheté des pommes','Nous avons acheté ...... pommes',1,'','','',6,'');
INSERT INTO GrammarTests VALUES(183,'Il parle de l''histoire','Il parle ...... histoire',1,'','','',6,'');
INSERT INTO GrammarTests VALUES(184,'Ils ont pris la voiture et le bus','Ils ont pris ...... voiture et ...... bus',1,'','','',6,'');
INSERT INTO GrammarTests VALUES(185,'Je vais acheter du pain','Je vais acheter ...... pain',1,'','','',6,'');
INSERT INTO GrammarTests VALUES(186,'Il est fan de musique','Il est fan ...... musique',1,'','','',6,'');
INSERT INTO GrammarTests VALUES(187,'Nous avons visité le château et le musée','Nous avons visité ...... château et ...... musée',1,'','','',6,'');
INSERT INTO GrammarTests VALUES(188,'Elle a trouvé la solution','Elle a trouvé ...... solution',1,'','','',6,'');
INSERT INTO GrammarTests VALUES(189,'Tu as besoin de conseils','Tu as besoin ...... conseil',1,'','','',6,'');
INSERT INTO GrammarTests VALUES(190,'Nous avons parlé du projet','Nous avons parlé ...... projet',1,'','','',6,'');
INSERT INTO GrammarTests VALUES(191,'Ils ont choisi des options','Ils ont choisi ...... options',1,'','','',6,'');
CREATE TABLE IF NOT EXISTS "GrammarBlogs" ("id" integer NOT NULL PRIMARY KEY AUTOINCREMENT, "name" varchar(90) NOT NULL, "author" varchar(90) NOT NULL, "body" text NOT NULL, "date_created" datetime NOT NULL);
INSERT INTO GrammarBlogs VALUES(1,'Nouns','Matt Clifford',replace(replace('Nouns can be masculine or femenine\r\n\r\n## ➡️ Singular\r\n\r\n### Masculine Nouns\r\n\r\nMasculine nouns normally end in:\r\n\r\n> *-age -er -eau -ing -ment -ou*\r\n>\r\n> *-ail -ier -et -isme -oir -eil*\r\n\r\n### Femenine Nouns:\r\nFemenine nouns normally end in:\r\n\r\n> *-aine -ure -lle -iere -tude -ette*\r\n> \r\n> *-ense -ise -te -ee -ie -ence*\r\n> \r\n> *-anse -ance -tion -sion -esse -ine*\r\n\r\nMasculine | Femenine\r\n---|---\r\nle chat | la souris\r\nle livre | la pomme\r\n\r\n---\r\n\r\n\r\n## ➡️ Plural\r\n\r\nMost nouns only need an ''S'' on the end\r\n\r\nSingular | Plural\r\n---|---\r\nle chaise | les chaise**s**\r\nune chaise | des chaise**s**\r\n\r\n⚠️ There are some exceptions:\r\n\r\nSingular | Plural | Example\r\n---|---|---\r\n-ail | -aux | le travail -> les travux\r\n-al | -aux | le journal -> les journaux\r\n-eau | -eaux | le bureau -> les bureaux\r\n-eu | -eux | le jeu -> les jeux','\r',char(13)),'\n',char(10)),'2024-07-17 19:57:20.337682');
INSERT INTO GrammarBlogs VALUES(2,'Articles','Matt Clifford',replace(replace('## ➡️ Definite articles\r\n\r\n### Singular\r\n\r\n- Le (masc)\r\n- La (fem)\r\n- L'' (m + f - if word begins with a, e, i ,o, u and some h)\r\n\r\n### Plural\r\n\r\n- Les\r\n\r\n---\r\n\r\n## ➡️ Indefinite articles\r\n\r\n### Singular\r\n\r\n- Un (masc)\r\n- Une (fem)\r\n\r\n### Plural\r\n\r\n- Des (m + f)\r\n\r\n## Definite articles + ''a'' or ''de''\r\n\r\n X| le | la | l'' | les\r\n---|---|---|---|--- \r\na + | au | a la | a l'' | aux\r\nde + | du | de la | de l'' | des\r\n\r\n## Partitive articles - ''some'' or ''any''\r\n\r\nmasc sing | fem sing | vowel with l'' | plural (m+f)\r\n---|---|---|---\r\ndu | de la | de l'' | des','\r',char(13)),'\n',char(10)),'2024-07-17 20:33:30.361351');
INSERT INTO GrammarBlogs VALUES(3,'Adjectives','Matt Clifford','TBD','2024-07-17 20:34:00.643009');
INSERT INTO GrammarBlogs VALUES(4,'Adverbs','Matt Clifford','TBD','2024-07-17 20:34:12.519419');
INSERT INTO GrammarBlogs VALUES(5,'Verbs','Matt Clifford','TBD','2024-07-17 20:34:24.879633');
CREATE TABLE IF NOT EXISTS "grammarassessment" ("id" integer NOT NULL PRIMARY KEY AUTOINCREMENT, "question" varchar(255) NOT NULL, "answer" varchar(45) NOT NULL, "blog_id" bigint NOT NULL REFERENCES "GrammarBlogs" ("id") DEFERRABLE INITIALLY DEFERRED);
INSERT INTO grammarassessment VALUES(1,'Write the correct article plural: Le chat','les chats',1);
INSERT INTO grammarassessment VALUES(2,'Write the correct article plural: Le femme','les femmes',1);
CREATE TABLE IF NOT EXISTS "grammartestsection" ("id" integer NOT NULL PRIMARY KEY AUTOINCREMENT, "name" varchar(10) NOT NULL, "blog_id" bigint NOT NULL REFERENCES "GrammarBlogs" ("id") DEFERRABLE INITIALLY DEFERRED, "instruction" text NOT NULL);
INSERT INTO grammartestsection VALUES(1,'N1',1,'Choose whether the noun is masculine or femenine.');
INSERT INTO grammartestsection VALUES(2,'N2',1,'Write the plural form of each noun.');
INSERT INTO grammartestsection VALUES(3,'N3',1,'Choose the plural version of the noun.');
INSERT INTO grammartestsection VALUES(4,'A1',2,'Rewrite the nouns with the correct definite article (le, la, l'' or les)');
INSERT INTO grammartestsection VALUES(5,'A2',2,'Rewrite the nouns with the correct definite article (un, une or des)');
INSERT INTO grammartestsection VALUES(6,'A3',2,'Write the full sentence using the correct à + definite article (à, au, à la, aux)');
INSERT INTO grammartestsection VALUES(7,'A4',2,'Write the full sentence using the correctpartitive article (de, de la, du, des, de l'', d'')');
DELETE FROM sqlite_sequence;
INSERT INTO sqlite_sequence VALUES('django_migrations',31);
INSERT INTO sqlite_sequence VALUES('django_admin_log',248);
INSERT INTO sqlite_sequence VALUES('django_content_type',12);
INSERT INTO sqlite_sequence VALUES('auth_permission',48);
INSERT INTO sqlite_sequence VALUES('auth_group',0);
INSERT INTO sqlite_sequence VALUES('auth_user',1);
INSERT INTO sqlite_sequence VALUES('GrammarTests',191);
INSERT INTO sqlite_sequence VALUES('GrammarBlogs',5);
INSERT INTO sqlite_sequence VALUES('grammarassessment',2);
INSERT INTO sqlite_sequence VALUES('grammartestsection',7);
CREATE UNIQUE INDEX "auth_group_permissions_group_id_permission_id_0cd325b0_uniq" ON "auth_group_permissions" ("group_id", "permission_id");
CREATE INDEX "auth_group_permissions_group_id_b120cbf9" ON "auth_group_permissions" ("group_id");
CREATE INDEX "auth_group_permissions_permission_id_84c5c92e" ON "auth_group_permissions" ("permission_id");
CREATE UNIQUE INDEX "auth_user_groups_user_id_group_id_94350c0c_uniq" ON "auth_user_groups" ("user_id", "group_id");
CREATE INDEX "auth_user_groups_user_id_6a12ed8b" ON "auth_user_groups" ("user_id");
CREATE INDEX "auth_user_groups_group_id_97559544" ON "auth_user_groups" ("group_id");
CREATE UNIQUE INDEX "auth_user_user_permissions_user_id_permission_id_14a6b632_uniq" ON "auth_user_user_permissions" ("user_id", "permission_id");
CREATE INDEX "auth_user_user_permissions_user_id_a95ead1b" ON "auth_user_user_permissions" ("user_id");
CREATE INDEX "auth_user_user_permissions_permission_id_1fbb5f2c" ON "auth_user_user_permissions" ("permission_id");
CREATE INDEX "django_admin_log_content_type_id_c4bce8eb" ON "django_admin_log" ("content_type_id");
CREATE INDEX "django_admin_log_user_id_c564eba6" ON "django_admin_log" ("user_id");
CREATE UNIQUE INDEX "django_content_type_app_label_model_76bd3d3b_uniq" ON "django_content_type" ("app_label", "model");
CREATE UNIQUE INDEX "auth_permission_content_type_id_codename_01ab375a_uniq" ON "auth_permission" ("content_type_id", "codename");
CREATE INDEX "auth_permission_content_type_id_2f476e4b" ON "auth_permission" ("content_type_id");
CREATE INDEX "django_session_expire_date_a5c62663" ON "django_session" ("expire_date");
CREATE INDEX "GrammarTests_test_section_id_dfe64d06" ON "GrammarTests" ("test_section_id");
CREATE INDEX "grammarassessment_blog_id_6f0a52ed" ON "grammarassessment" ("blog_id");
CREATE INDEX "grammartestsection_blog_id_fbb9355b" ON "grammartestsection" ("blog_id");
COMMIT;
